filename,width,height,class,xmin,ymin,xmax,ymax
braeburn_1600x1600_463.jpg,300,300,maçã braeburn,1,122,58,178
braeburn_1600x1600_61.jpg,300,300,maçã braeburn,1,124,59,180
braeburn_1600x1600_384.jpg,300,300,maçã braeburn,1,118,58,173
braeburn_1600x1600_172.jpg,300,300,maçã braeburn,1,120,56,177
braeburn_153.jpg,300,300,maçã braeburn,1,11,299,282
braeburn_481.jpg,300,300,maçã braeburn,1,1,299,290
braeburn_1600x1600_247.jpg,300,300,maçã braeburn,2,120,56,180
braeburn_335.jpg,300,300,maçã braeburn,1,1,294,292
braeburn_465.jpg,300,300,maçã braeburn,1,1,299,289
braeburn_1600x1600_295.jpg,300,300,maçã braeburn,2,119,57,180
braeburn_377.jpg,300,300,maçã braeburn,7,1,289,291
braeburn_1600x1600_258.jpg,300,300,maçã braeburn,3,119,55,180
braeburn_143.jpg,300,300,maçã braeburn,1,14,299,278
braeburn_1600x1600_488.jpg,300,300,maçã braeburn,1,124,58,179
braeburn_1600x1600_48.jpg,300,300,maçã braeburn,1,124,61,179
braeburn_1600x1600_179.jpg,300,300,maçã braeburn,1,121,59,179
braeburn_1600x1600_346.jpg,300,300,maçã braeburn,1,120,57,178
braeburn_1600x1600_348.jpg,300,300,maçã braeburn,2,121,60,181
braeburn_1600x1600_481.jpg,300,300,maçã braeburn,1,125,58,176
braeburn_1600x1600_88.jpg,300,300,maçã braeburn,1,123,58,176
braeburn_315.jpg,300,300,maçã braeburn,1,1,300,291
braeburn_302.jpg,300,300,maçã braeburn,1,1,299,289
braeburn_164.jpg,300,300,maçã braeburn,1,13,300,281
braeburn_97.jpg,300,300,maçã braeburn,1,15,299,270
braeburn_216.jpg,300,300,maçã braeburn,1,10,300,282
braeburn_184.jpg,300,300,maçã braeburn,1,12,300,284
braeburn_227.jpg,300,300,maçã braeburn,1,10,299,279
braeburn_195.jpg,300,300,maçã braeburn,1,11,300,277
braeburn_1600x1600_206.jpg,300,300,maçã braeburn,1,117,58,180
braeburn_396.jpg,300,300,maçã braeburn,8,1,292,289
braeburn_1600x1600_115.jpg,300,300,maçã braeburn,1,118,59,181
braeburn_181.jpg,300,300,maçã braeburn,1,17,299,280
braeburn_1600x1600_40.jpg,300,300,maçã braeburn,1,123,57,178
braeburn_484.jpg,300,300,maçã braeburn,1,1,300,291
braeburn_154.jpg,300,300,maçã braeburn,1,13,299,279
braeburn_462.jpg,300,300,maçã braeburn,1,1,300,292
braeburn_1600x1600_338.jpg,300,300,maçã braeburn,2,119,58,180
braeburn_177.jpg,300,300,maçã braeburn,1,7,299,280
braeburn_1600x1600_91.jpg,300,300,maçã braeburn,1,122,58,177
braeburn_178.jpg,300,300,maçã braeburn,1,12,300,282
braeburn_1600x1600_436.jpg,300,300,maçã braeburn,1,120,58,178
braeburn_171.jpg,300,300,maçã braeburn,1,10,299,283
braeburn_1600x1600_161.jpg,300,300,maçã braeburn,1,119,58,180
braeburn_380.jpg,300,300,maçã braeburn,9,1,289,291
braeburn_123.jpg,300,300,maçã braeburn,1,16,299,272
braeburn_1600x1600_57.jpg,300,300,maçã braeburn,1,123,60,177
braeburn_1600x1600_438.jpg,300,300,maçã braeburn,1,123,58,178
braeburn_1600x1600_354.jpg,300,300,maçã braeburn,1,120,59,180
braeburn_1600x1600_274.jpg,300,300,maçã braeburn,1,119,56,182
braeburn_1600x1600_272.jpg,300,300,maçã braeburn,1,118,56,177
braeburn_228.jpg,300,300,maçã braeburn,1,16,300,281
braeburn_1600x1600_213.jpg,300,300,maçã braeburn,1,121,57,182
braeburn_1600x1600_306.jpg,300,300,maçã braeburn,2,120,56,181
braeburn_35.jpg,300,300,maçã braeburn,1,7,299,286
braeburn_1600x1600_480.jpg,300,300,maçã braeburn,1,125,59,176
braeburn_3000x3000_67.jpg,300,300,maçã braeburn,132,268,164,299
braeburn_272.jpg,300,300,maçã braeburn,1,1,298,295
braeburn_1600x1600_444.jpg,300,300,maçã braeburn,1,122,57,175
braeburn_142.jpg,300,300,maçã braeburn,1,16,300,278
braeburn_1600x1600_52.jpg,300,300,maçã braeburn,1,121,57,176
braeburn_112.jpg,300,300,maçã braeburn,1,17,300,272
braeburn_17.jpg,300,300,maçã braeburn,1,9,299,291
braeburn_1600x1600_110.jpg,300,300,maçã braeburn,1,118,59,172
braeburn_180.jpg,300,300,maçã braeburn,1,13,300,285
braeburn_1600x1600_140.jpg,300,300,maçã braeburn,1,121,58,181
braeburn_1600x1600_114.jpg,300,300,maçã braeburn,1,114,58,184
braeburn_1600x1600_81.jpg,300,300,maçã braeburn,1,122,58,177
braeburn_1600x1600_221.jpg,300,300,maçã braeburn,1,122,58,180
braeburn_182.jpg,300,300,maçã braeburn,1,13,300,283
braeburn_1600x1600_125.jpg,300,300,maçã braeburn,1,119,57,180
braeburn_1600x1600_118.jpg,300,300,maçã braeburn,1,121,58,180
braeburn_126.jpg,300,300,maçã braeburn,1,18,300,281
braeburn_1600x1600_87.jpg,300,300,maçã braeburn,1,123,58,176
braeburn_161.jpg,300,300,maçã braeburn,1,12,299,281
braeburn_209.jpg,300,300,maçã braeburn,1,9,299,284
braeburn_3000x3000_49.jpg,300,300,maçã braeburn,132,270,167,296
braeburn_1600x1600_92.jpg,300,300,maçã braeburn,1,123,58,177
braeburn_242.jpg,300,300,maçã braeburn,1,15,300,284
braeburn_1600x1600_394.jpg,300,300,maçã braeburn,1,123,57,175
braeburn_4.jpg,300,300,maçã braeburn,1,13,300,288
braeburn_1600x1600_199.jpg,300,300,maçã braeburn,1,120,56,178
braeburn_1600x1600_281.jpg,300,300,maçã braeburn,2,119,58,181
braeburn_1600x1600_142.jpg,300,300,maçã braeburn,1,123,58,177
braeburn_409.jpg,300,300,maçã braeburn,4,1,295,293
braeburn_1600x1600_146.jpg,300,300,maçã braeburn,1,120,56,179
braeburn_450.jpg,300,300,maçã braeburn,1,1,300,291
braeburn_134.jpg,300,300,maçã braeburn,1,15,300,275
braeburn_354.jpg,300,300,maçã braeburn,7,1,293,294
braeburn_1600x1600_445.jpg,300,300,maçã braeburn,1,122,58,177
braeburn_1600x1600_164.jpg,300,300,maçã braeburn,1,117,58,180
braeburn_1600x1600_235.jpg,300,300,maçã braeburn,2,120,57,179
braeburn_1600x1600_202.jpg,300,300,maçã braeburn,2,121,56,181
braeburn_1600x1600_386.jpg,300,300,maçã braeburn,1,123,58,175
braeburn_1600x1600_30.jpg,300,300,maçã braeburn,1,117,59,182
braeburn_183.jpg,300,300,maçã braeburn,1,8,299,283
braeburn_1600x1600_388.jpg,300,300,maçã braeburn,1,120,61,177
braeburn_482.jpg,300,300,maçã braeburn,1,1,300,295
braeburn_3000x3000_32.jpg,300,300,maçã braeburn,135,268,165,299
braeburn_1600x1600_255.jpg,300,300,maçã braeburn,1,125,53,180
braeburn_3000x3000_1.jpg,300,300,maçã braeburn,133,269,167,299
braeburn_1600x1600_238.jpg,300,300,maçã braeburn,2,121,55,182
braeburn_3000x3000_58.jpg,300,300,maçã braeburn,132,268,167,299
braeburn_411.jpg,300,300,maçã braeburn,1,1,297,294
braeburn_1600x1600_223.jpg,300,300,maçã braeburn,2,120,58,181
braeburn_1600x1600_440.jpg,300,300,maçã braeburn,1,125,59,175
braeburn_264.jpg,300,300,maçã braeburn,1,1,297,288
braeburn_198.jpg,300,300,maçã braeburn,1,15,300,279
braeburn_1600x1600_37.jpg,300,300,maçã braeburn,1,122,58,177
braeburn_457.jpg,300,300,maçã braeburn,1,1,299,288
braeburn_1600x1600_187.jpg,300,300,maçã braeburn,1,119,56,176
braeburn_1600x1600_36.jpg,300,300,maçã braeburn,1,122,59,178
braeburn_144.jpg,300,300,maçã braeburn,1,15,300,274
braeburn_1600x1600_193.jpg,300,300,maçã braeburn,1,120,60,179
braeburn_477.jpg,300,300,maçã braeburn,1,1,299,292
braeburn_32.jpg,300,300,maçã braeburn,1,9,300,288
braeburn_152.jpg,300,300,maçã braeburn,1,13,300,280
braeburn_1600x1600_16.jpg,300,300,maçã braeburn,1,119,59,181
braeburn_55.jpg,300,300,maçã braeburn,1,12,300,284
braeburn_19.jpg,300,300,maçã braeburn,1,9,299,289
braeburn_384.jpg,300,300,maçã braeburn,7,1,285,293
braeburn_1600x1600_486.jpg,300,300,maçã braeburn,1,122,58,180
braeburn_1600x1600_319.jpg,300,300,maçã braeburn,2,118,56,180
braeburn_141.jpg,300,300,maçã braeburn,1,13,299,272
braeburn_3000x3000_57.jpg,300,300,maçã braeburn,135,270,167,299
braeburn_1600x1600_13.jpg,300,300,maçã braeburn,1,118,60,178
braeburn_3000x3000_36.jpg,300,300,maçã braeburn,137,269,165,298
braeburn_1600x1600_485.jpg,300,300,maçã braeburn,1,124,58,180
braeburn_24.jpg,300,300,maçã braeburn,1,8,300,287
braeburn_85.jpg,300,300,maçã braeburn,1,16,298,272
braeburn_1600x1600_459.jpg,300,300,maçã braeburn,1,120,58,177
braeburn_3000x3000_54.jpg,300,300,maçã braeburn,134,270,166,298
braeburn_440.jpg,300,300,maçã braeburn,1,1,300,288
braeburn_1600x1600_103.jpg,300,300,maçã braeburn,1,117,56,178
braeburn_1600x1600_120.jpg,300,300,maçã braeburn,1,124,58,180
braeburn_3000x3000_25.jpg,300,300,maçã braeburn,135,269,166,298
braeburn_3000x3000_19.jpg,300,300,maçã braeburn,134,269,167,299
braeburn_166.jpg,300,300,maçã braeburn,1,9,300,282
braeburn_1600x1600_14.jpg,300,300,maçã braeburn,1,123,58,178
braeburn_3000x3000_46.jpg,300,300,maçã braeburn,133,271,167,299
braeburn_1600x1600_317.jpg,300,300,maçã braeburn,1,120,58,180
braeburn_106.jpg,300,300,maçã braeburn,1,20,300,268
braeburn_1600x1600_133.jpg,300,300,maçã braeburn,1,117,59,181
braeburn_45.jpg,300,300,maçã braeburn,1,12,299,287
braeburn_1600x1600_72.jpg,300,300,maçã braeburn,1,123,57,177
braeburn_1600x1600_288.jpg,300,300,maçã braeburn,1,120,57,178
braeburn_7.jpg,300,300,maçã braeburn,1,13,299,289
braeburn_1600x1600_173.jpg,300,300,maçã braeburn,3,120,56,181
braeburn_360.jpg,300,300,maçã braeburn,1,1,299,296
braeburn_1600x1600_450.jpg,300,300,maçã braeburn,1,122,59,177
braeburn_344.jpg,300,300,maçã braeburn,7,1,292,294
braeburn_1600x1600_412.jpg,300,300,maçã braeburn,1,123,57,177
braeburn_66.jpg,300,300,maçã braeburn,1,10,299,277
braeburn_408.jpg,300,300,maçã braeburn,4,1,294,292
braeburn_29.jpg,300,300,maçã braeburn,1,12,299,287
braeburn_16.jpg,300,300,maçã braeburn,1,13,300,290
braeburn_75.jpg,300,300,maçã braeburn,1,15,300,279
braeburn_30.jpg,300,300,maçã braeburn,1,8,300,286
braeburn_1600x1600_329.jpg,300,300,maçã braeburn,1,119,56,179
braeburn_172.jpg,300,300,maçã braeburn,1,9,300,281
braeburn_9.jpg,300,300,maçã braeburn,1,8,298,291
braeburn_1600x1600_7.jpg,300,300,maçã braeburn,1,116,60,181
braeburn_1600x1600_443.jpg,300,300,maçã braeburn,1,122,56,175
braeburn_3000x3000_30.jpg,300,300,maçã braeburn,136,269,165,299
braeburn_51.jpg,300,300,maçã braeburn,1,9,300,287
braeburn_3000x3000_48.jpg,300,300,maçã braeburn,132,270,167,297
braeburn_3000x3000_52.jpg,300,300,maçã braeburn,132,269,167,299
braeburn_1600x1600_240.jpg,300,300,maçã braeburn,2,120,57,178
braeburn_1600x1600_163.jpg,300,300,maçã braeburn,2,120,58,180
braeburn_307.jpg,300,300,maçã braeburn,1,1,300,292
braeburn_1600x1600_59.jpg,300,300,maçã braeburn,1,120,57,177
braeburn_488.jpg,300,300,maçã braeburn,1,1,300,298
braeburn_3000x3000_62.jpg,300,300,maçã braeburn,134,268,166,298
braeburn_395.jpg,300,300,maçã braeburn,9,1,290,290
braeburn_417.jpg,300,300,maçã braeburn,1,1,291,292
braeburn_96.jpg,300,300,maçã braeburn,1,20,300,271
braeburn_489.jpg,300,300,maçã braeburn,1,1,299,292
braeburn_1600x1600_128.jpg,300,300,maçã braeburn,1,117,56,180
braeburn_48.jpg,300,300,maçã braeburn,1,18,299,281
braeburn_439.jpg,300,300,maçã braeburn,1,1,299,292
braeburn_1600x1600_54.jpg,300,300,maçã braeburn,1,124,59,177
braeburn_1600x1600_66.jpg,300,300,maçã braeburn,1,122,60,182
braeburn_150.jpg,300,300,maçã braeburn,1,13,300,274
braeburn_27.jpg,300,300,maçã braeburn,1,12,299,289
braeburn_1600x1600_71.jpg,300,300,maçã braeburn,1,123,57,177
braeburn_1600x1600_69.jpg,300,300,maçã braeburn,1,122,58,177
braeburn_376.jpg,300,300,maçã braeburn,6,1,291,296
braeburn_305.jpg,300,300,maçã braeburn,1,1,300,294
braeburn_52.jpg,300,300,maçã braeburn,1,10,298,290
braeburn_1600x1600_377.jpg,300,300,maçã braeburn,1,122,59,178
braeburn_1600x1600_422.jpg,300,300,maçã braeburn,1,124,57,176
braeburn_1600x1600_289.jpg,300,300,maçã braeburn,1,120,56,180
braeburn_1600x1600_393.jpg,300,300,maçã braeburn,1,123,57,175
braeburn_444.jpg,300,300,maçã braeburn,1,1,300,292
braeburn_1600x1600_204.jpg,300,300,maçã braeburn,1,120,57,178
braeburn_1600x1600_345.jpg,300,300,maçã braeburn,1,124,57,178
braeburn_1600x1600_305.jpg,300,300,maçã braeburn,1,122,56,181
braeburn_404.jpg,300,300,maçã braeburn,3,1,292,293
braeburn_1600x1600_194.jpg,300,300,maçã braeburn,2,120,60,179
braeburn_1600x1600_321.jpg,300,300,maçã braeburn,1,120,56,178
braeburn_349.jpg,300,300,maçã braeburn,1,1,299,285
braeburn_86.jpg,300,300,maçã braeburn,1,15,300,274
braeburn_438.jpg,300,300,maçã braeburn,1,1,299,294
braeburn_3000x3000_59.jpg,300,300,maçã braeburn,132,268,166,300
braeburn_244.jpg,300,300,maçã braeburn,1,10,300,283
braeburn_1600x1600_396.jpg,300,300,maçã braeburn,1,121,58,177
braeburn_1600x1600_370.jpg,300,300,maçã braeburn,1,121,58,179
braeburn_58.jpg,300,300,maçã braeburn,1,10,299,276
braeburn_1600x1600_159.jpg,300,300,maçã braeburn,1,121,58,181
braeburn_102.jpg,300,300,maçã braeburn,1,20,300,275
braeburn_62.jpg,300,300,maçã braeburn,1,13,299,275
braeburn_1600x1600_96.jpg,300,300,maçã braeburn,1,121,58,179
braeburn_1600x1600_252.jpg,300,300,maçã braeburn,2,121,58,176
braeburn_189.jpg,300,300,maçã braeburn,1,10,300,287
braeburn_1600x1600_441.jpg,300,300,maçã braeburn,1,125,60,175
braeburn_383.jpg,300,300,maçã braeburn,1,1,300,292
braeburn_3000x3000_40.jpg,300,300,maçã braeburn,136,270,165,298
braeburn_1600x1600_47.jpg,300,300,maçã braeburn,1,123,61,179
braeburn_147.jpg,300,300,maçã braeburn,1,10,299,274
braeburn_1600x1600_425.jpg,300,300,maçã braeburn,1,125,58,175
braeburn_215.jpg,300,300,maçã braeburn,1,8,299,280
braeburn_1600x1600_149.jpg,300,300,maçã braeburn,1,118,56,181
braeburn_1600x1600_254.jpg,300,300,maçã braeburn,1,125,57,176
braeburn_1600x1600_353.jpg,300,300,maçã braeburn,1,119,59,180
braeburn_1600x1600_97.jpg,300,300,maçã braeburn,1,121,57,178
braeburn_1600x1600_126.jpg,300,300,maçã braeburn,1,121,57,180
braeburn_113.jpg,300,300,maçã braeburn,1,17,297,270
braeburn_1600x1600_79.jpg,300,300,maçã braeburn,1,123,58,177
braeburn_466.jpg,300,300,maçã braeburn,1,1,299,290
braeburn_157.jpg,300,300,maçã braeburn,1,9,299,277
braeburn_100.jpg,300,300,maçã braeburn,1,16,300,274
braeburn_49.jpg,300,300,maçã braeburn,1,11,299,286
braeburn_322.jpg,300,300,maçã braeburn,1,1,300,291
braeburn_1600x1600_318.jpg,300,300,maçã braeburn,2,118,58,180
braeburn_1600x1600_428.jpg,300,300,maçã braeburn,1,124,58,177
braeburn_1600x1600_430.jpg,300,300,maçã braeburn,1,124,57,176
braeburn_3000x3000_4.jpg,300,300,maçã braeburn,136,269,165,299
braeburn_1600x1600_191.jpg,300,300,maçã braeburn,2,119,57,177
braeburn_190.jpg,300,300,maçã braeburn,1,11,299,288
braeburn_1600x1600_395.jpg,300,300,maçã braeburn,1,123,58,177
braeburn_431.jpg,300,300,maçã braeburn,1,1,299,293
braeburn_296.jpg,300,300,maçã braeburn,1,1,299,291
braeburn_1600x1600_190.jpg,300,300,maçã braeburn,2,119,57,179
braeburn_202.jpg,300,300,maçã braeburn,1,11,300,282
braeburn_379.jpg,300,300,maçã braeburn,8,1,291,292
braeburn_1600x1600_15.jpg,300,300,maçã braeburn,1,119,58,178
braeburn_137.jpg,300,300,maçã braeburn,1,14,299,279
braeburn_1600x1600_1.jpg,300,300,maçã braeburn,1,121,57,174
braeburn_378.jpg,300,300,maçã braeburn,7,1,289,292
braeburn_362.jpg,300,300,maçã braeburn,6,1,288,292
braeburn_236.jpg,300,300,maçã braeburn,1,12,300,274
braeburn_119.jpg,300,300,maçã braeburn,1,17,298,272
braeburn_3000x3000_9.jpg,300,300,maçã braeburn,133,270,167,298
braeburn_1600x1600_75.jpg,300,300,maçã braeburn,1,120,58,175
braeburn_1600x1600_358.jpg,300,300,maçã braeburn,1,120,59,179
braeburn_1600x1600_17.jpg,300,300,maçã braeburn,1,119,59,181
braeburn_318.jpg,300,300,maçã braeburn,1,1,298,288
braeburn_131.jpg,300,300,maçã braeburn,1,13,298,272
braeburn_476.jpg,300,300,maçã braeburn,1,1,300,294
braeburn_3.jpg,300,300,maçã braeburn,1,17,300,278
braeburn_200.jpg,300,300,maçã braeburn,1,17,300,278
braeburn_1600x1600_241.jpg,300,300,maçã braeburn,2,120,56,180
braeburn_1600x1600_366.jpg,300,300,maçã braeburn,1,118,59,178
braeburn_371.jpg,300,300,maçã braeburn,9,1,287,287
braeburn_105.jpg,300,300,maçã braeburn,1,21,298,273
braeburn_1600x1600_365.jpg,300,300,maçã braeburn,1,120,59,178
braeburn_1600x1600_229.jpg,300,300,maçã braeburn,2,121,56,180
braeburn_269.jpg,300,300,maçã braeburn,1,1,300,293
braeburn_1600x1600_406.jpg,300,300,maçã braeburn,1,125,58,177
braeburn_1600x1600_2.jpg,300,300,maçã braeburn,1,121,57,174
braeburn_39.jpg,300,300,maçã braeburn,1,11,299,286
braeburn_1600x1600_182.jpg,300,300,maçã braeburn,1,119,57,179
braeburn_149.jpg,300,300,maçã braeburn,1,12,299,275
braeburn_90.jpg,300,300,maçã braeburn,1,20,300,275
braeburn_3000x3000_22.jpg,300,300,maçã braeburn,135,269,165,298
braeburn_1600x1600_53.jpg,300,300,maçã braeburn,1,119,59,177
braeburn_193.jpg,300,300,maçã braeburn,1,13,300,284
braeburn_210.jpg,300,300,maçã braeburn,1,11,299,280
braeburn_1600x1600_448.jpg,300,300,maçã braeburn,1,123,58,178
braeburn_138.jpg,300,300,maçã braeburn,1,15,300,274
braeburn_3000x3000_23.jpg,300,300,maçã braeburn,135,269,166,300
braeburn_277.jpg,300,300,maçã braeburn,1,1,299,292
braeburn_356.jpg,300,300,maçã braeburn,10,1,290,288
braeburn_290.jpg,300,300,maçã braeburn,1,1,300,291
braeburn_255.jpg,300,300,maçã braeburn,1,1,300,294
braeburn_3000x3000_38.jpg,300,300,maçã braeburn,135,269,167,299
braeburn_3000x3000_69.jpg,300,300,maçã braeburn,136,268,165,297
braeburn_3000x3000_43.jpg,300,300,maçã braeburn,135,272,165,297
braeburn_280.jpg,300,300,maçã braeburn,1,1,300,290
braeburn_1600x1600_442.jpg,300,300,maçã braeburn,1,122,60,175
braeburn_289.jpg,300,300,maçã braeburn,1,1,299,288
braeburn_60.jpg,300,300,maçã braeburn,1,11,299,277
braeburn_1600x1600_86.jpg,300,300,maçã braeburn,1,123,60,176
braeburn_1600x1600_304.jpg,300,300,maçã braeburn,1,122,56,180
braeburn_1600x1600_20.jpg,300,300,maçã braeburn,1,120,58,179
braeburn_471.jpg,300,300,maçã braeburn,1,1,299,294
braeburn_1600x1600_352.jpg,300,300,maçã braeburn,1,119,59,178
braeburn_328.jpg,300,300,maçã braeburn,1,1,298,292
braeburn_1600x1600_111.jpg,300,300,maçã braeburn,1,122,59,180
braeburn_1600x1600_100.jpg,300,300,maçã braeburn,1,122,58,177
braeburn_1600x1600_382.jpg,300,300,maçã braeburn,1,123,58,178
braeburn_319.jpg,300,300,maçã braeburn,1,1,300,291
braeburn_1600x1600_296.jpg,300,300,maçã braeburn,1,120,57,180
braeburn_1600x1600_457.jpg,300,300,maçã braeburn,1,122,58,179
braeburn_1600x1600_248.jpg,300,300,maçã braeburn,3,121,56,180
braeburn_169.jpg,300,300,maçã braeburn,1,6,299,281
braeburn_1600x1600_80.jpg,300,300,maçã braeburn,1,123,58,177
braeburn_1600x1600_132.jpg,300,300,maçã braeburn,1,117,58,178
braeburn_1600x1600_107.jpg,300,300,maçã braeburn,1,120,57,180
braeburn_3000x3000_44.jpg,300,300,maçã braeburn,134,268,166,298
braeburn_341.jpg,300,300,maçã braeburn,1,1,288,294
braeburn_3000x3000_21.jpg,300,300,maçã braeburn,134,269,165,298
braeburn_1600x1600_8.jpg,300,300,maçã braeburn,1,116,60,180
braeburn_1600x1600_23.jpg,300,300,maçã braeburn,1,119,63,179
braeburn_1600x1600_417.jpg,300,300,maçã braeburn,2,125,59,178
braeburn_43.jpg,300,300,maçã braeburn,1,10,299,285
braeburn_38.jpg,300,300,maçã braeburn,1,12,300,286
braeburn_1600x1600_226.jpg,300,300,maçã braeburn,1,121,55,179
braeburn_3000x3000_64.jpg,300,300,maçã braeburn,134,270,167,299
braeburn_1600x1600_216.jpg,300,300,maçã braeburn,2,119,57,179
braeburn_1600x1600_337.jpg,300,300,maçã braeburn,1,122,58,180
braeburn_291.jpg,300,300,maçã braeburn,1,1,299,289
braeburn_235.jpg,300,300,maçã braeburn,1,15,299,281
braeburn_275.jpg,300,300,maçã braeburn,1,1,300,292
braeburn_1600x1600_230.jpg,300,300,maçã braeburn,2,119,56,180
braeburn_452.jpg,300,300,maçã braeburn,1,1,300,290
braeburn_73.jpg,300,300,maçã braeburn,1,20,300,278
braeburn_1600x1600_148.jpg,300,300,maçã braeburn,1,118,58,182
braeburn_461.jpg,300,300,maçã braeburn,1,1,299,291
braeburn_1600x1600_167.jpg,300,300,maçã braeburn,1,123,58,178
braeburn_282.jpg,300,300,maçã braeburn,1,1,300,293
braeburn_459.jpg,300,300,maçã braeburn,1,1,299,289
braeburn_393.jpg,300,300,maçã braeburn,8,1,291,294
braeburn_1600x1600_168.jpg,300,300,maçã braeburn,2,119,58,178
braeburn_361.jpg,300,300,maçã braeburn,8,1,287,291
braeburn_3000x3000_11.jpg,300,300,maçã braeburn,132,269,165,298
braeburn_57.jpg,300,300,maçã braeburn,1,13,300,276
braeburn_1600x1600_475.jpg,300,300,maçã braeburn,1,121,58,178
braeburn_3000x3000_13.jpg,300,300,maçã braeburn,133,270,167,297
braeburn_179.jpg,300,300,maçã braeburn,1,10,299,282
braeburn_372.jpg,300,300,maçã braeburn,1,1,300,291
braeburn_3000x3000_18.jpg,300,300,maçã braeburn,134,269,164,299
braeburn_71.jpg,300,300,maçã braeburn,1,18,300,279
braeburn_95.jpg,300,300,maçã braeburn,1,16,299,271
braeburn_3000x3000_71.jpg,300,300,maçã braeburn,133,269,166,297
braeburn_435.jpg,300,300,maçã braeburn,1,2,299,289
braeburn_1600x1600_278.jpg,300,300,maçã braeburn,3,120,55,176
braeburn_1600x1600_6.jpg,300,300,maçã braeburn,1,118,60,181
braeburn_1600x1600_268.jpg,300,300,maçã braeburn,2,119,55,180
braeburn_1600x1600_323.jpg,300,300,maçã braeburn,1,118,58,180
braeburn_116.jpg,300,300,maçã braeburn,1,18,300,268
braeburn_81.jpg,300,300,maçã braeburn,1,17,299,279
braeburn_1600x1600_439.jpg,300,300,maçã braeburn,1,123,59,175
braeburn_98.jpg,300,300,maçã braeburn,1,20,300,271
braeburn_1600x1600_39.jpg,300,300,maçã braeburn,1,122,57,178
braeburn_3000x3000_10.jpg,300,300,maçã braeburn,132,269,167,298
braeburn_1600x1600_376.jpg,300,300,maçã braeburn,1,122,59,180
braeburn_3000x3000_6.jpg,300,300,maçã braeburn,136,271,164,298
braeburn_1600x1600_189.jpg,300,300,maçã braeburn,3,117,57,179
braeburn_1600x1600_68.jpg,300,300,maçã braeburn,1,120,58,178
braeburn_1600x1600_367.jpg,300,300,maçã braeburn,1,118,57,176
braeburn_1600x1600_150.jpg,300,300,maçã braeburn,1,117,56,181
braeburn_1600x1600_233.jpg,300,300,maçã braeburn,3,122,56,180
braeburn_1600x1600_64.jpg,300,300,maçã braeburn,1,122,58,178
braeburn_3000x3000_27.jpg,300,300,maçã braeburn,133,269,165,300
braeburn_1600x1600_4.jpg,300,300,maçã braeburn,1,121,59,178
braeburn_312.jpg,300,300,maçã braeburn,1,1,299,287
braeburn_252.jpg,300,300,maçã braeburn,1,1,297,292
braeburn_284.jpg,300,300,maçã braeburn,1,1,300,294
braeburn_1600x1600_44.jpg,300,300,maçã braeburn,1,122,59,178
braeburn_1600x1600_416.jpg,300,300,maçã braeburn,1,126,58,175
braeburn_1600x1600_356.jpg,300,300,maçã braeburn,1,123,58,177
braeburn_1600x1600_90.jpg,300,300,maçã braeburn,1,122,58,179
braeburn_1600x1600_41.jpg,300,300,maçã braeburn,1,123,59,178
braeburn_1600x1600_180.jpg,300,300,maçã braeburn,1,118,59,179
braeburn_454.jpg,300,300,maçã braeburn,1,1,300,291
braeburn_1600x1600_301.jpg,300,300,maçã braeburn,5,118,60,182
braeburn_250.jpg,300,300,maçã braeburn,1,1,300,293
braeburn_453.jpg,300,300,maçã braeburn,1,1,299,291
braeburn_1600x1600_490.jpg,300,300,maçã braeburn,1,123,59,178
braeburn_118.jpg,300,300,maçã braeburn,1,17,300,270
braeburn_1600x1600_113.jpg,300,300,maçã braeburn,1,119,58,184
braeburn_78.jpg,300,300,maçã braeburn,1,16,300,273
braeburn_369.jpg,300,300,maçã braeburn,7,1,288,294
braeburn_1600x1600_334.jpg,300,300,maçã braeburn,2,120,56,177
braeburn_1600x1600_447.jpg,300,300,maçã braeburn,1,123,58,178
braeburn_1600x1600_453.jpg,300,300,maçã braeburn,1,119,58,180
braeburn_1600x1600_297.jpg,300,300,maçã braeburn,1,120,56,180
braeburn_1600x1600_380.jpg,300,300,maçã braeburn,1,122,58,176
braeburn_1600x1600_458.jpg,300,300,maçã braeburn,1,119,58,179
braeburn_368.jpg,300,300,maçã braeburn,11,1,284,293
braeburn_1600x1600_400.jpg,300,300,maçã braeburn,1,123,58,175
braeburn_1600x1600_468.jpg,300,300,maçã braeburn,1,123,58,176
braeburn_1600x1600_293.jpg,300,300,maçã braeburn,5,119,56,183
braeburn_293.jpg,300,300,maçã braeburn,1,1,300,292
braeburn_1600x1600_407.jpg,300,300,maçã braeburn,1,125,56,174
braeburn_325.jpg,300,300,maçã braeburn,1,1,298,290
braeburn_320.jpg,300,300,maçã braeburn,1,1,299,288
braeburn_456.jpg,300,300,maçã braeburn,1,1,297,291
braeburn_221.jpg,300,300,maçã braeburn,1,9,299,279
braeburn_414.jpg,300,300,maçã braeburn,3,1,295,294
braeburn_3000x3000_60.jpg,300,300,maçã braeburn,135,270,166,300
braeburn_1600x1600_227.jpg,300,300,maçã braeburn,1,121,57,177
braeburn_1600x1600_325.jpg,300,300,maçã braeburn,2,120,57,180
braeburn_1600x1600_46.jpg,300,300,maçã braeburn,1,123,60,179
braeburn_1600x1600_188.jpg,300,300,maçã braeburn,3,117,56,176
braeburn_201.jpg,300,300,maçã braeburn,1,14,299,281
braeburn_3000x3000_28.jpg,300,300,maçã braeburn,133,269,166,298
braeburn_443.jpg,300,300,maçã braeburn,1,1,299,289
braeburn_1600x1600_200.jpg,300,300,maçã braeburn,1,118,56,178
braeburn_139.jpg,300,300,maçã braeburn,1,15,299,275
braeburn_206.jpg,300,300,maçã braeburn,1,12,300,279
braeburn_93.jpg,300,300,maçã braeburn,1,17,299,273
braeburn_1600x1600_11.jpg,300,300,maçã braeburn,1,120,58,179
braeburn_158.jpg,300,300,maçã braeburn,1,12,300,280
braeburn_1600x1600_109.jpg,300,300,maçã braeburn,1,121,59,172
braeburn_1600x1600_483.jpg,300,300,maçã braeburn,1,123,59,178
braeburn_1600x1600_335.jpg,300,300,maçã braeburn,2,120,58,180
braeburn_1600x1600_326.jpg,300,300,maçã braeburn,1,123,57,180
braeburn_248.jpg,300,300,maçã braeburn,1,1,300,293
braeburn_1600x1600_282.jpg,300,300,maçã braeburn,2,123,58,181
braeburn_1600x1600_373.jpg,300,300,maçã braeburn,1,120,58,176
braeburn_1600x1600_63.jpg,300,300,maçã braeburn,1,121,58,178
braeburn_1600x1600_249.jpg,300,300,maçã braeburn,3,121,55,184
braeburn_1600x1600_211.jpg,300,300,maçã braeburn,1,120,56,180
braeburn_1600x1600_224.jpg,300,300,maçã braeburn,2,120,58,181
braeburn_1600x1600_136.jpg,300,300,maçã braeburn,1,120,60,180
braeburn_79.jpg,300,300,maçã braeburn,1,14,299,273
braeburn_433.jpg,300,300,maçã braeburn,1,1,299,290
braeburn_34.jpg,300,300,maçã braeburn,1,9,300,286
braeburn_3000x3000_45.jpg,300,300,maçã braeburn,134,268,167,299
braeburn_1600x1600_421.jpg,300,300,maçã braeburn,1,122,57,176
braeburn_451.jpg,300,300,maçã braeburn,1,1,299,289
braeburn_333.jpg,300,300,maçã braeburn,1,1,300,292
braeburn_1600x1600_415.jpg,300,300,maçã braeburn,1,124,58,175
braeburn_419.jpg,300,300,maçã braeburn,1,1,300,290
braeburn_1.jpg,300,300,maçã braeburn,1,13,300,280
braeburn_426.jpg,300,300,maçã braeburn,1,1,300,286
braeburn_1600x1600_469.jpg,300,300,maçã braeburn,1,123,58,177
braeburn_1600x1600_269.jpg,300,300,maçã braeburn,2,119,58,180
braeburn_1600x1600_234.jpg,300,300,maçã braeburn,2,120,56,180
braeburn_176.jpg,300,300,maçã braeburn,1,12,300,282
braeburn_1600x1600_236.jpg,300,300,maçã braeburn,2,119,57,179
braeburn_1600x1600_154.jpg,300,300,maçã braeburn,1,119,59,180
braeburn_1600x1600_242.jpg,300,300,maçã braeburn,2,124,56,180
braeburn_490.jpg,300,300,maçã braeburn,1,1,300,291
braeburn_1600x1600_21.jpg,300,300,maçã braeburn,1,118,58,179
braeburn_336.jpg,300,300,maçã braeburn,1,1,300,291
braeburn_467.jpg,300,300,maçã braeburn,1,1,299,290
braeburn_262.jpg,300,300,maçã braeburn,1,1,299,291
braeburn_1600x1600_108.jpg,300,300,maçã braeburn,1,121,57,180
braeburn_3000x3000_12.jpg,300,300,maçã braeburn,133,270,165,298
braeburn_74.jpg,300,300,maçã braeburn,1,18,298,276
braeburn_1600x1600_309.jpg,300,300,maçã braeburn,1,119,59,175
braeburn_340.jpg,300,300,maçã braeburn,1,1,291,290
braeburn_303.jpg,300,300,maçã braeburn,1,1,299,290
braeburn_1600x1600_160.jpg,300,300,maçã braeburn,1,119,58,181
braeburn_1600x1600_10.jpg,300,300,maçã braeburn,1,119,58,179
braeburn_56.jpg,300,300,maçã braeburn,1,10,299,286
braeburn_391.jpg,300,300,maçã braeburn,13,1,290,291
braeburn_1600x1600_456.jpg,300,300,maçã braeburn,1,122,59,177
braeburn_1600x1600_271.jpg,300,300,maçã braeburn,2,120,56,177
braeburn_348.jpg,300,300,maçã braeburn,8,1,289,291
braeburn_1600x1600_117.jpg,300,300,maçã braeburn,1,117,58,180
braeburn_10.jpg,300,300,maçã braeburn,1,10,300,293
braeburn_92.jpg,300,300,maçã braeburn,1,18,300,281
braeburn_446.jpg,300,300,maçã braeburn,1,1,300,289
braeburn_3000x3000_50.jpg,300,300,maçã braeburn,133,270,167,296
braeburn_1600x1600_175.jpg,300,300,maçã braeburn,1,119,57,181
braeburn_1600x1600_162.jpg,300,300,maçã braeburn,2,120,58,180
braeburn_442.jpg,300,300,maçã braeburn,1,1,300,291
braeburn_1600x1600_476.jpg,300,300,maçã braeburn,1,123,58,178
braeburn_1600x1600_93.jpg,300,300,maçã braeburn,2,123,57,178
braeburn_1600x1600_201.jpg,300,300,maçã braeburn,1,118,56,181
braeburn_321.jpg,300,300,maçã braeburn,1,1,300,290
braeburn_36.jpg,300,300,maçã braeburn,1,9,300,281
braeburn_1600x1600_225.jpg,300,300,maçã braeburn,2,120,55,179
braeburn_421.jpg,300,300,maçã braeburn,1,2,300,293
braeburn_373.jpg,300,300,maçã braeburn,7,1,284,291
braeburn_2.jpg,300,300,maçã braeburn,1,17,299,286
braeburn_99.jpg,300,300,maçã braeburn,1,17,299,268
braeburn_358.jpg,300,300,maçã braeburn,7,1,289,293
braeburn_1600x1600_45.jpg,300,300,maçã braeburn,1,122,60,179
braeburn_67.jpg,300,300,maçã braeburn,1,15,300,279
braeburn_217.jpg,300,300,maçã braeburn,1,10,299,283
braeburn_1600x1600_157.jpg,300,300,maçã braeburn,1,120,58,181
braeburn_316.jpg,300,300,maçã braeburn,1,1,299,292
braeburn_1600x1600_177.jpg,300,300,maçã braeburn,1,118,56,181
braeburn_1600x1600_492.jpg,300,300,maçã braeburn,1,124,58,178
braeburn_1600x1600_351.jpg,300,300,maçã braeburn,1,120,59,178
braeburn_1600x1600_197.jpg,300,300,maçã braeburn,1,121,55,178
braeburn_168.jpg,300,300,maçã braeburn,1,10,300,280
braeburn_1600x1600_423.jpg,300,300,maçã braeburn,1,124,58,179
braeburn_286.jpg,300,300,maçã braeburn,1,1,299,292
braeburn_83.jpg,300,300,maçã braeburn,1,18,299,271
braeburn_487.jpg,300,300,maçã braeburn,1,1,298,294
braeburn_445.jpg,300,300,maçã braeburn,1,1,299,289
braeburn_329.jpg,300,300,maçã braeburn,1,1,299,290
braeburn_240.jpg,300,300,maçã braeburn,1,11,300,288
braeburn_420.jpg,300,300,maçã braeburn,1,1,299,291
braeburn_1600x1600_67.jpg,300,300,maçã braeburn,1,122,58,178
braeburn_326.jpg,300,300,maçã braeburn,1,1,300,292
braeburn_159.jpg,300,300,maçã braeburn,1,15,299,280
braeburn_1600x1600_76.jpg,300,300,maçã braeburn,1,123,58,175
braeburn_3000x3000_37.jpg,300,300,maçã braeburn,133,270,166,298
braeburn_1600x1600_328.jpg,300,300,maçã braeburn,1,119,58,177
braeburn_448.jpg,300,300,maçã braeburn,1,1,300,294
braeburn_370.jpg,300,300,maçã braeburn,1,1,300,292
braeburn_110.jpg,300,300,maçã braeburn,1,19,299,269
braeburn_1600x1600_299.jpg,300,300,maçã braeburn,2,121,55,180
braeburn_1600x1600_491.jpg,300,300,maçã braeburn,1,123,58,178
braeburn_1600x1600_349.jpg,300,300,maçã braeburn,2,121,60,181
braeburn_330.jpg,300,300,maçã braeburn,1,1,300,290
braeburn_1600x1600_347.jpg,300,300,maçã braeburn,1,120,60,181
braeburn_13.jpg,300,300,maçã braeburn,1,11,298,286
braeburn_483.jpg,300,300,maçã braeburn,1,1,299,289
braeburn_188.jpg,300,300,maçã braeburn,1,11,300,286
braeburn_1600x1600_261.jpg,300,300,maçã braeburn,2,117,55,181
braeburn_238.jpg,300,300,maçã braeburn,1,15,300,284
braeburn_1600x1600_461.jpg,300,300,maçã braeburn,1,123,59,177
braeburn_1600x1600_106.jpg,300,300,maçã braeburn,1,120,58,180
braeburn_1600x1600_411.jpg,300,300,maçã braeburn,1,123,57,177
braeburn_185.jpg,300,300,maçã braeburn,1,9,299,284
braeburn_88.jpg,300,300,maçã braeburn,1,17,300,272
braeburn_1600x1600_460.jpg,300,300,maçã braeburn,1,123,58,177
braeburn_1600x1600_371.jpg,300,300,maçã braeburn,1,121,59,179
braeburn_1600x1600_166.jpg,300,300,maçã braeburn,1,123,58,182
braeburn_1600x1600_332.jpg,300,300,maçã braeburn,2,121,56,181
braeburn_434.jpg,300,300,maçã braeburn,1,1,300,294
braeburn_64.jpg,300,300,maçã braeburn,1,10,299,277
braeburn_145.jpg,300,300,maçã braeburn,1,12,299,273
braeburn_1600x1600_287.jpg,300,300,maçã braeburn,3,120,57,178
braeburn_3000x3000_51.jpg,300,300,maçã braeburn,133,270,167,299
braeburn_267.jpg,300,300,maçã braeburn,1,1,300,289
braeburn_339.jpg,300,300,maçã braeburn,1,1,290,291
braeburn_357.jpg,300,300,maçã braeburn,8,1,292,292
braeburn_266.jpg,300,300,maçã braeburn,1,1,299,291
braeburn_3000x3000_16.jpg,300,300,maçã braeburn,136,268,164,300
braeburn_3000x3000_17.jpg,300,300,maçã braeburn,136,268,164,299
braeburn_1600x1600_433.jpg,300,300,maçã braeburn,1,123,60,176
braeburn_1600x1600_239.jpg,300,300,maçã braeburn,2,121,56,178
braeburn_205.jpg,300,300,maçã braeburn,1,14,299,279
braeburn_1600x1600_342.jpg,300,300,maçã braeburn,1,121,57,177
braeburn_304.jpg,300,300,maçã braeburn,1,1,298,289
braeburn_3000x3000_42.jpg,300,300,maçã braeburn,136,271,166,298
braeburn_1600x1600_56.jpg,300,300,maçã braeburn,1,123,58,178
braeburn_1600x1600_116.jpg,300,300,maçã braeburn,1,122,59,180
braeburn_146.jpg,300,300,maçã braeburn,1,11,300,274
braeburn_261.jpg,300,300,maçã braeburn,1,1,300,294
braeburn_245.jpg,300,300,maçã braeburn,1,11,299,284
braeburn_1600x1600_315.jpg,300,300,maçã braeburn,1,123,58,181
braeburn_41.jpg,300,300,maçã braeburn,1,9,299,287
braeburn_1600x1600_151.jpg,300,300,maçã braeburn,1,118,58,181
braeburn_1600x1600_363.jpg,300,300,maçã braeburn,1,120,58,179
braeburn_135.jpg,300,300,maçã braeburn,1,14,299,275
braeburn_1600x1600_437.jpg,300,300,maçã braeburn,1,120,58,178
braeburn_214.jpg,300,300,maçã braeburn,1,17,300,281
braeburn_425.jpg,300,300,maçã braeburn,1,1,299,289
braeburn_1600x1600_284.jpg,300,300,maçã braeburn,1,118,57,178
braeburn_309.jpg,300,300,maçã braeburn,1,1,300,293
braeburn_1600x1600_275.jpg,300,300,maçã braeburn,1,119,54,178
braeburn_1600x1600_285.jpg,300,300,maçã braeburn,2,118,58,180
braeburn_1600x1600_38.jpg,300,300,maçã braeburn,1,120,58,177
braeburn_1600x1600_143.jpg,300,300,maçã braeburn,1,123,60,178
braeburn_1600x1600_362.jpg,300,300,maçã braeburn,1,120,56,177
braeburn_478.jpg,300,300,maçã braeburn,1,1,300,295
braeburn_449.jpg,300,300,maçã braeburn,1,1,299,291
braeburn_46.jpg,300,300,maçã braeburn,1,15,300,287
braeburn_1600x1600_186.jpg,300,300,maçã braeburn,1,119,57,179
braeburn_230.jpg,300,300,maçã braeburn,1,14,300,287
braeburn_392.jpg,300,300,maçã braeburn,9,1,291,288
braeburn_192.jpg,300,300,maçã braeburn,1,17,299,282
braeburn_229.jpg,300,300,maçã braeburn,1,14,299,282
braeburn_1600x1600_465.jpg,300,300,maçã braeburn,1,123,60,175
braeburn_1600x1600_322.jpg,300,300,maçã braeburn,1,118,56,178
braeburn_187.jpg,300,300,maçã braeburn,1,10,299,286
braeburn_1600x1600_32.jpg,300,300,maçã braeburn,1,123,61,175
braeburn_163.jpg,300,300,maçã braeburn,1,10,299,281
braeburn_165.jpg,300,300,maçã braeburn,1,9,299,284
braeburn_1600x1600_253.jpg,300,300,maçã braeburn,2,121,57,176
braeburn_1600x1600_387.jpg,300,300,maçã braeburn,1,123,61,177
braeburn_1600x1600_336.jpg,300,300,maçã braeburn,1,122,58,180
braeburn_1600x1600_119.jpg,300,300,maçã braeburn,1,121,58,180
braeburn_1600x1600_195.jpg,300,300,maçã braeburn,2,120,56,181
braeburn_1600x1600_408.jpg,300,300,maçã braeburn,1,125,56,174
braeburn_1600x1600_454.jpg,300,300,maçã braeburn,1,126,58,180
braeburn_256.jpg,300,300,maçã braeburn,1,1,299,288
braeburn_1600x1600_70.jpg,300,300,maçã braeburn,1,122,57,177
braeburn_1600x1600_374.jpg,300,300,maçã braeburn,1,122,57,176
braeburn_194.jpg,300,300,maçã braeburn,1,12,299,280
braeburn_381.jpg,300,300,maçã braeburn,9,1,291,297
braeburn_253.jpg,300,300,maçã braeburn,1,1,300,293
braeburn_1600x1600_245.jpg,300,300,maçã braeburn,2,119,55,179
braeburn_1600x1600_82.jpg,300,300,maçã braeburn,1,124,58,177
braeburn_3000x3000_41.jpg,300,300,maçã braeburn,134,271,164,296
braeburn_1600x1600_401.jpg,300,300,maçã braeburn,1,122,57,178
braeburn_1600x1600_280.jpg,300,300,maçã braeburn,2,119,55,178
braeburn_1600x1600_19.jpg,300,300,maçã braeburn,1,120,61,180
braeburn_1600x1600_78.jpg,300,300,maçã braeburn,1,123,60,175
braeburn_3000x3000_65.jpg,300,300,maçã braeburn,134,270,167,298
braeburn_108.jpg,300,300,maçã braeburn,1,18,300,269
braeburn_1600x1600_298.jpg,300,300,maçã braeburn,2,121,55,180
braeburn_1600x1600_137.jpg,300,300,maçã braeburn,1,120,58,182
braeburn_3000x3000_56.jpg,300,300,maçã braeburn,135,270,166,299
braeburn_3000x3000_39.jpg,300,300,maçã braeburn,133,269,167,299
braeburn_1600x1600_51.jpg,300,300,maçã braeburn,1,122,57,176
braeburn_1600x1600_426.jpg,300,300,maçã braeburn,1,122,58,175
braeburn_156.jpg,300,300,maçã braeburn,1,13,300,275
braeburn_1600x1600_357.jpg,300,300,maçã braeburn,1,123,59,179
braeburn_1600x1600_243.jpg,300,300,maçã braeburn,2,124,55,180
braeburn_1600x1600_368.jpg,300,300,maçã braeburn,1,120,58,176
braeburn_84.jpg,300,300,maçã braeburn,2,20,300,274
braeburn_332.jpg,300,300,maçã braeburn,1,1,300,291
braeburn_366.jpg,300,300,maçã braeburn,6,1,292,290
braeburn_170.jpg,300,300,maçã braeburn,1,17,299,281
braeburn_122.jpg,300,300,maçã braeburn,1,21,300,275
braeburn_1600x1600_330.jpg,300,300,maçã braeburn,2,120,56,179
braeburn_3000x3000_34.jpg,300,300,maçã braeburn,135,269,164,299
braeburn_127.jpg,300,300,maçã braeburn,1,15,299,275
braeburn_268.jpg,300,300,maçã braeburn,1,1,299,292
braeburn_1600x1600_452.jpg,300,300,maçã braeburn,1,119,58,177
braeburn_410.jpg,300,300,maçã braeburn,4,1,297,294
braeburn_1600x1600_383.jpg,300,300,maçã braeburn,1,123,58,173
braeburn_148.jpg,300,300,maçã braeburn,1,16,300,278
braeburn_1600x1600_124.jpg,300,300,maçã braeburn,1,119,58,181
braeburn_1600x1600_464.jpg,300,300,maçã braeburn,1,122,58,178
braeburn_470.jpg,300,300,maçã braeburn,1,1,300,292
braeburn_115.jpg,300,300,maçã braeburn,1,16,299,270
braeburn_1600x1600_267.jpg,300,300,maçã braeburn,2,120,55,180
braeburn_254.jpg,300,300,maçã braeburn,1,1,299,293
braeburn_114.jpg,300,300,maçã braeburn,1,19,300,279
braeburn_1600x1600_294.jpg,300,300,maçã braeburn,2,119,56,183
braeburn_1600x1600_218.jpg,300,300,maçã braeburn,1,121,56,180
braeburn_323.jpg,300,300,maçã braeburn,1,1,298,291
braeburn_1600x1600_141.jpg,300,300,maçã braeburn,1,119,58,181
braeburn_1600x1600_413.jpg,300,300,maçã braeburn,1,123,59,178
braeburn_460.jpg,300,300,maçã braeburn,1,1,300,293
braeburn_1600x1600_212.jpg,300,300,maçã braeburn,1,121,56,180
braeburn_311.jpg,300,300,maçã braeburn,1,1,300,290
braeburn_479.jpg,300,300,maçã braeburn,1,1,299,289
braeburn_1600x1600_484.jpg,300,300,maçã braeburn,1,124,59,178
braeburn_1600x1600_462.jpg,300,300,maçã braeburn,1,122,59,177
braeburn_234.jpg,300,300,maçã braeburn,1,13,300,278
braeburn_15.jpg,300,300,maçã braeburn,1,19,299,282
braeburn_1600x1600_138.jpg,300,300,maçã braeburn,1,117,58,182
braeburn_1600x1600_313.jpg,300,300,maçã braeburn,1,121,58,181
braeburn_1600x1600_18.jpg,300,300,maçã braeburn,1,119,61,180
braeburn_458.jpg,300,300,maçã braeburn,1,1,300,292
braeburn_1600x1600_431.jpg,300,300,maçã braeburn,1,124,59,177
braeburn_1600x1600_359.jpg,300,300,maçã braeburn,1,120,57,181
braeburn_350.jpg,300,300,maçã braeburn,9,1,289,292
braeburn_1600x1600_31.jpg,300,300,maçã braeburn,1,123,58,180
braeburn_1600x1600_405.jpg,300,300,maçã braeburn,1,124,57,177
braeburn_1600x1600_217.jpg,300,300,maçã braeburn,2,119,56,180
braeburn_1600x1600_420.jpg,300,300,maçã braeburn,1,122,56,174
braeburn_63.jpg,300,300,maçã braeburn,1,16,300,276
braeburn_173.jpg,300,300,maçã braeburn,1,7,299,282
braeburn_429.jpg,300,300,maçã braeburn,1,1,299,287
braeburn_436.jpg,300,300,maçã braeburn,1,1,300,291
braeburn_1600x1600_487.jpg,300,300,maçã braeburn,1,122,57,179
braeburn_382.jpg,300,300,maçã braeburn,8,1,287,293
braeburn_492.jpg,300,300,maçã braeburn,1,1,298,292
braeburn_3000x3000_55.jpg,300,300,maçã braeburn,134,270,166,299
braeburn_1600x1600_331.jpg,300,300,maçã braeburn,2,120,56,181
braeburn_390.jpg,300,300,maçã braeburn,8,1,290,287
braeburn_1600x1600_35.jpg,300,300,maçã braeburn,1,121,59,178
braeburn_22.jpg,300,300,maçã braeburn,1,14,300,288
braeburn_447.jpg,300,300,maçã braeburn,1,1,299,289
braeburn_208.jpg,300,300,maçã braeburn,1,12,300,280
braeburn_1600x1600_316.jpg,300,300,maçã braeburn,1,120,58,181
braeburn_223.jpg,300,300,maçã braeburn,1,14,299,280
braeburn_1600x1600_340.jpg,300,300,maçã braeburn,1,120,58,181
braeburn_1600x1600_474.jpg,300,300,maçã braeburn,1,121,58,176
braeburn_3000x3000_29.jpg,300,300,maçã braeburn,134,269,166,297
braeburn_3000x3000_33.jpg,300,300,maçã braeburn,134,269,166,299
braeburn_1600x1600_311.jpg,300,300,maçã braeburn,1,120,58,183
braeburn_3000x3000_66.jpg,300,300,maçã braeburn,132,268,167,298
braeburn_1600x1600_364.jpg,300,300,maçã braeburn,1,120,58,179
braeburn_1600x1600_214.jpg,300,300,maçã braeburn,1,119,57,182
braeburn_1600x1600_153.jpg,300,300,maçã braeburn,1,121,59,180
braeburn_1600x1600_276.jpg,300,300,maçã braeburn,3,121,54,178
braeburn_1600x1600_310.jpg,300,300,maçã braeburn,1,120,59,175
braeburn_1600x1600_355.jpg,300,300,maçã braeburn,1,120,58,177
braeburn_1600x1600_178.jpg,300,300,maçã braeburn,1,121,56,181
braeburn_1600x1600_228.jpg,300,300,maçã braeburn,2,121,57,177
braeburn_219.jpg,300,300,maçã braeburn,1,10,299,282
braeburn_82.jpg,300,300,maçã braeburn,1,17,300,275
braeburn_367.jpg,300,300,maçã braeburn,5,1,285,290
braeburn_44.jpg,300,300,maçã braeburn,1,13,300,285
braeburn_3000x3000_20.jpg,300,300,maçã braeburn,134,269,167,299
braeburn_1600x1600_145.jpg,300,300,maçã braeburn,1,121,56,179
braeburn_402.jpg,300,300,maçã braeburn,10,1,291,295
braeburn_3000x3000_5.jpg,300,300,maçã braeburn,136,269,164,298
braeburn_1600x1600_55.jpg,300,300,maçã braeburn,1,124,58,178
braeburn_389.jpg,300,300,maçã braeburn,9,1,291,294
braeburn_59.jpg,300,300,maçã braeburn,1,18,300,282
braeburn_388.jpg,300,300,maçã braeburn,10,1,290,292
braeburn_1600x1600_409.jpg,300,300,maçã braeburn,1,125,58,174
braeburn_279.jpg,300,300,maçã braeburn,1,1,300,293
braeburn_394.jpg,300,300,maçã braeburn,1,1,299,289
braeburn_398.jpg,300,300,maçã braeburn,7,2,292,294
braeburn_1600x1600_479.jpg,300,300,maçã braeburn,1,124,59,176
braeburn_69.jpg,300,300,maçã braeburn,1,19,300,277
braeburn_1600x1600_266.jpg,300,300,maçã braeburn,2,120,57,178
braeburn_1600x1600_471.jpg,300,300,maçã braeburn,1,123,58,178
braeburn_65.jpg,300,300,maçã braeburn,1,14,300,277
braeburn_1600x1600_130.jpg,300,300,maçã braeburn,1,120,56,183
braeburn_1600x1600_455.jpg,300,300,maçã braeburn,1,126,59,177
braeburn_1600x1600_94.jpg,300,300,maçã braeburn,1,120,57,178
braeburn_1600x1600_344.jpg,300,300,maçã braeburn,1,124,58,180
braeburn_1600x1600_369.jpg,300,300,maçã braeburn,1,120,58,179
braeburn_413.jpg,300,300,maçã braeburn,1,1,297,293
braeburn_243.jpg,300,300,maçã braeburn,1,13,299,283
braeburn_1600x1600_291.jpg,300,300,maçã braeburn,1,123,55,178
braeburn_160.jpg,300,300,maçã braeburn,1,13,300,282
braeburn_70.jpg,300,300,maçã braeburn,1,18,299,278
braeburn_273.jpg,300,300,maçã braeburn,1,1,300,292
braeburn_424.jpg,300,300,maçã braeburn,1,1,300,287
braeburn_485.jpg,300,300,maçã braeburn,1,1,298,290
braeburn_352.jpg,300,300,maçã braeburn,9,1,299,292
braeburn_1600x1600_402.jpg,300,300,maçã braeburn,1,123,57,178
braeburn_385.jpg,300,300,maçã braeburn,6,1,288,292
braeburn_1600x1600_207.jpg,300,300,maçã braeburn,1,117,57,180
braeburn_342.jpg,300,300,maçã braeburn,1,1,292,291
braeburn_94.jpg,300,300,maçã braeburn,1,20,300,271
braeburn_1600x1600_205.jpg,300,300,maçã braeburn,1,120,58,180
braeburn_1600x1600_341.jpg,300,300,maçã braeburn,1,120,56,177
braeburn_427.jpg,300,300,maçã braeburn,1,1,299,297
braeburn_355.jpg,300,300,maçã braeburn,6,1,294,289
braeburn_1600x1600_262.jpg,300,300,maçã braeburn,3,119,55,181
braeburn_68.jpg,300,300,maçã braeburn,1,17,299,275
braeburn_468.jpg,300,300,maçã braeburn,1,1,300,295
braeburn_1600x1600_470.jpg,300,300,maçã braeburn,1,123,58,177
braeburn_3000x3000_31.jpg,300,300,maçã braeburn,135,271,169,297
braeburn_3000x3000_72.jpg,300,300,maçã braeburn,134,267,166,297
braeburn_375.jpg,300,300,maçã braeburn,12,1,289,293
braeburn_1600x1600_184.jpg,300,300,maçã braeburn,1,117,57,181
braeburn_405.jpg,300,300,maçã braeburn,3,1,299,291
braeburn_1600x1600_381.jpg,300,300,maçã braeburn,1,122,58,178
braeburn_1600x1600_127.jpg,300,300,maçã braeburn,1,122,52,178
braeburn_1600x1600_222.jpg,300,300,maçã braeburn,2,120,58,180
braeburn_1600x1600_264.jpg,300,300,maçã braeburn,1,121,56,179
braeburn_474.jpg,300,300,maçã braeburn,1,1,299,293
braeburn_125.jpg,300,300,maçã braeburn,1,19,298,270
braeburn_1600x1600_22.jpg,300,300,maçã braeburn,1,121,59,177
braeburn_3000x3000_2.jpg,300,300,maçã braeburn,134,270,167,299
braeburn_249.jpg,300,300,maçã braeburn,1,1,299,289
braeburn_3000x3000_24.jpg,300,300,maçã braeburn,134,269,165,300
braeburn_42.jpg,300,300,maçã braeburn,1,12,300,284
braeburn_338.jpg,300,300,maçã braeburn,1,1,300,288
braeburn_1600x1600_77.jpg,300,300,maçã braeburn,1,123,60,175
braeburn_1600x1600_398.jpg,300,300,maçã braeburn,1,126,60,177
braeburn_77.jpg,300,300,maçã braeburn,1,15,300,274
braeburn_109.jpg,300,300,maçã braeburn,1,17,299,267
braeburn_53.jpg,300,300,maçã braeburn,1,13,300,286
braeburn_1600x1600_251.jpg,300,300,maçã braeburn,4,118,58,176
braeburn_1600x1600_343.jpg,300,300,maçã braeburn,1,121,58,180
braeburn_1600x1600_58.jpg,300,300,maçã braeburn,1,119,60,177
braeburn_132.jpg,300,300,maçã braeburn,1,13,300,274
braeburn_1600x1600_273.jpg,300,300,maçã braeburn,1,118,56,182
braeburn_1600x1600_378.jpg,300,300,maçã braeburn,1,124,59,178
braeburn_308.jpg,300,300,maçã braeburn,1,1,298,288
braeburn_3000x3000_7.jpg,300,300,maçã braeburn,136,271,166,297
braeburn_196.jpg,300,300,maçã braeburn,1,11,300,291
braeburn_133.jpg,300,300,maçã braeburn,1,11,298,273
braeburn_263.jpg,300,300,maçã braeburn,1,1,300,293
braeburn_191.jpg,300,300,maçã braeburn,1,11,300,284
braeburn_103.jpg,300,300,maçã braeburn,1,14,299,279
braeburn_363.jpg,300,300,maçã braeburn,10,1,288,294
braeburn_1600x1600_467.jpg,300,300,maçã braeburn,1,121,58,176
braeburn_1600x1600_5.jpg,300,300,maçã braeburn,1,119,59,180
braeburn_1600x1600_43.jpg,300,300,maçã braeburn,1,124,60,178
braeburn_1600x1600_302.jpg,300,300,maçã braeburn,1,122,60,182
braeburn_121.jpg,300,300,maçã braeburn,1,17,299,272
braeburn_403.jpg,300,300,maçã braeburn,11,1,291,292
braeburn_120.jpg,300,300,maçã braeburn,1,19,300,274
braeburn_407.jpg,300,300,maçã braeburn,6,1,295,293
braeburn_1600x1600_152.jpg,300,300,maçã braeburn,1,119,58,181
braeburn_246.jpg,300,300,maçã braeburn,1,15,300,284
braeburn_1600x1600_139.jpg,300,300,maçã braeburn,1,117,58,181
braeburn_1600x1600_259.jpg,300,300,maçã braeburn,3,119,58,183
braeburn_233.jpg,300,300,maçã braeburn,1,13,299,280
braeburn_1600x1600_122.jpg,300,300,maçã braeburn,1,119,59,179
braeburn_25.jpg,300,300,maçã braeburn,1,7,299,288
braeburn_260.jpg,300,300,maçã braeburn,1,1,298,292
braeburn_1600x1600_360.jpg,300,300,maçã braeburn,2,120,57,181
braeburn_423.jpg,300,300,maçã braeburn,1,1,300,292
braeburn_1600x1600_246.jpg,300,300,maçã braeburn,2,120,55,179
braeburn_486.jpg,300,300,maçã braeburn,1,1,300,293
braeburn_1600x1600_472.jpg,300,300,maçã braeburn,1,123,58,178
braeburn_1600x1600_131.jpg,300,300,maçã braeburn,1,120,58,178
braeburn_276.jpg,300,300,maçã braeburn,1,1,299,292
braeburn_441.jpg,300,300,maçã braeburn,1,1,299,289
braeburn_211.jpg,300,300,maçã braeburn,1,10,298,280
braeburn_1600x1600_307.jpg,300,300,maçã braeburn,2,120,56,180
braeburn_1600x1600_135.jpg,300,300,maçã braeburn,1,118,60,180
braeburn_199.jpg,300,300,maçã braeburn,1,13,299,281
braeburn_140.jpg,300,300,maçã braeburn,1,13,300,274
braeburn_274.jpg,300,300,maçã braeburn,1,1,299,292
braeburn_3000x3000_68.jpg,300,300,maçã braeburn,136,268,164,299
braeburn_23.jpg,300,300,maçã braeburn,1,13,299,288
braeburn_1600x1600_176.jpg,300,300,maçã braeburn,1,118,57,181
braeburn_3000x3000_26.jpg,300,300,maçã braeburn,133,268,167,300
braeburn_1600x1600_198.jpg,300,300,maçã braeburn,1,123,54,179
braeburn_5.jpg,300,300,maçã braeburn,1,12,299,288
braeburn_1600x1600_375.jpg,300,300,maçã braeburn,1,122,59,180
braeburn_1600x1600_34.jpg,300,300,maçã braeburn,1,121,60,177
braeburn_397.jpg,300,300,maçã braeburn,10,1,293,292
braeburn_406.jpg,300,300,maçã braeburn,4,1,292,293
braeburn_1600x1600_209.jpg,300,300,maçã braeburn,1,121,56,177
braeburn_1600x1600_42.jpg,300,300,maçã braeburn,1,124,59,178
braeburn_1600x1600_174.jpg,300,300,maçã braeburn,1,119,55,180
braeburn_247.jpg,300,300,maçã braeburn,1,1,298,294
braeburn_1600x1600_256.jpg,300,300,maçã braeburn,1,117,53,180
braeburn_1600x1600_424.jpg,300,300,maçã braeburn,1,125,58,179
braeburn_1600x1600_210.jpg,300,300,maçã braeburn,1,120,56,177
braeburn_359.jpg,300,300,maçã braeburn,5,1,288,291
braeburn_334.jpg,300,300,maçã braeburn,1,1,300,289
braeburn_292.jpg,300,300,maçã braeburn,1,1,300,294
braeburn_1600x1600_181.jpg,300,300,maçã braeburn,1,118,57,179
braeburn_1600x1600_397.jpg,300,300,maçã braeburn,1,121,58,175
braeburn_1600x1600_399.jpg,300,300,maçã braeburn,1,126,58,175
braeburn_257.jpg,300,300,maçã braeburn,1,1,300,292
braeburn_220.jpg,300,300,maçã braeburn,1,12,300,281
braeburn_1600x1600_208.jpg,300,300,maçã braeburn,1,121,57,180
braeburn_1600x1600_28.jpg,300,300,maçã braeburn,1,117,59,179
braeburn_347.jpg,300,300,maçã braeburn,5,1,289,291
braeburn_271.jpg,300,300,maçã braeburn,1,1,299,291
braeburn_1600x1600_427.jpg,300,300,maçã braeburn,1,122,58,177
braeburn_278.jpg,300,300,maçã braeburn,1,1,299,287
braeburn_364.jpg,300,300,maçã braeburn,7,1,288,294
braeburn_1600x1600_231.jpg,300,300,maçã braeburn,2,119,57,177
braeburn_1600x1600_95.jpg,300,300,maçã braeburn,1,120,58,179
braeburn_1600x1600_478.jpg,300,300,maçã braeburn,1,124,58,178
braeburn_295.jpg,300,300,maçã braeburn,1,1,300,292
braeburn_1600x1600_74.jpg,300,300,maçã braeburn,1,120,61,177
braeburn_386.jpg,300,300,maçã braeburn,9,1,285,292
braeburn_1600x1600_300.jpg,300,300,maçã braeburn,5,118,55,180
braeburn_1600x1600_155.jpg,300,300,maçã braeburn,1,119,58,178
braeburn_374.jpg,300,300,maçã braeburn,6,1,286,292
braeburn_129.jpg,300,300,maçã braeburn,1,15,299,272
braeburn_175.jpg,300,300,maçã braeburn,1,9,299,282
braeburn_162.jpg,300,300,maçã braeburn,1,13,300,282
braeburn_40.jpg,300,300,maçã braeburn,1,13,300,285
braeburn_353.jpg,300,300,maçã braeburn,8,1,289,291
braeburn_1600x1600_391.jpg,300,300,maçã braeburn,1,121,58,178
braeburn_1600x1600_434.jpg,300,300,maçã braeburn,1,123,60,176
braeburn_1600x1600_244.jpg,300,300,maçã braeburn,2,119,55,180
braeburn_1600x1600_279.jpg,300,300,maçã braeburn,3,120,55,178
braeburn_1600x1600_165.jpg,300,300,maçã braeburn,1,117,58,182
braeburn_1600x1600_121.jpg,300,300,maçã braeburn,1,124,59,179
braeburn_298.jpg,300,300,maçã braeburn,1,1,299,291
braeburn_1600x1600_283.jpg,300,300,maçã braeburn,2,123,57,178
braeburn_1600x1600_85.jpg,300,300,maçã braeburn,1,123,60,176
braeburn_415.jpg,300,300,maçã braeburn,1,1,295,292
braeburn_3000x3000_63.jpg,300,300,maçã braeburn,134,268,167,299
braeburn_428.jpg,300,300,maçã braeburn,1,1,300,293
braeburn_331.jpg,300,300,maçã braeburn,1,1,299,286
braeburn_107.jpg,300,300,maçã braeburn,1,20,299,270
braeburn_1600x1600_183.jpg,300,300,maçã braeburn,1,119,57,181
braeburn_281.jpg,300,300,maçã braeburn,1,1,299,292
braeburn_1600x1600_303.jpg,300,300,maçã braeburn,1,119,56,180
braeburn_207.jpg,300,300,maçã braeburn,1,12,298,278
braeburn_1600x1600_104.jpg,300,300,maçã braeburn,1,123,56,178
braeburn_1600x1600_432.jpg,300,300,maçã braeburn,1,123,59,177
braeburn_91.jpg,300,300,maçã braeburn,1,16,299,273
braeburn_104.jpg,300,300,maçã braeburn,1,20,300,274
braeburn_1600x1600_320.jpg,300,300,maçã braeburn,1,120,56,180
braeburn_1600x1600_29.jpg,300,300,maçã braeburn,1,114,64,181
braeburn_473.jpg,300,300,maçã braeburn,1,1,299,290
braeburn_463.jpg,300,300,maçã braeburn,1,1,299,292
braeburn_3000x3000_15.jpg,300,300,maçã braeburn,135,268,164,300
braeburn_1600x1600_112.jpg,300,300,maçã braeburn,1,119,59,180
braeburn_1600x1600_385.jpg,300,300,maçã braeburn,1,125,58,175
braeburn_204.jpg,300,300,maçã braeburn,1,14,300,278
braeburn_3000x3000_8.jpg,300,300,maçã braeburn,133,270,166,297
braeburn_1600x1600_50.jpg,300,300,maçã braeburn,1,124,59,175
braeburn_6.jpg,300,300,maçã braeburn,1,13,300,287
braeburn_224.jpg,300,300,maçã braeburn,1,13,300,288
braeburn_314.jpg,300,300,maçã braeburn,1,1,298,289
braeburn_1600x1600_435.jpg,300,300,maçã braeburn,1,123,58,178
braeburn_117.jpg,300,300,maçã braeburn,1,18,299,272
braeburn_313.jpg,300,300,maçã braeburn,1,1,300,291
braeburn_351.jpg,300,300,maçã braeburn,1,1,297,293
braeburn_1600x1600_83.jpg,300,300,maçã braeburn,1,122,59,178
braeburn_72.jpg,300,300,maçã braeburn,1,17,299,278
braeburn_1600x1600_312.jpg,300,300,maçã braeburn,1,121,58,183
braeburn_225.jpg,300,300,maçã braeburn,1,12,299,278
braeburn_31.jpg,300,300,maçã braeburn,1,9,299,286
braeburn_1600x1600_102.jpg,300,300,maçã braeburn,1,118,59,180
braeburn_1600x1600_144.jpg,300,300,maçã braeburn,1,121,60,178
braeburn_480.jpg,300,300,maçã braeburn,1,1,300,289
braeburn_1600x1600_65.jpg,300,300,maçã braeburn,1,122,60,182
braeburn_1600x1600_27.jpg,300,300,maçã braeburn,1,119,65,180
braeburn_346.jpg,300,300,maçã braeburn,5,1,291,292
braeburn_337.jpg,300,300,maçã braeburn,1,1,300,291
braeburn_416.jpg,300,300,maçã braeburn,1,1,299,295
braeburn_469.jpg,300,300,maçã braeburn,1,1,299,290
braeburn_1600x1600_389.jpg,300,300,maçã braeburn,1,120,62,181
braeburn_197.jpg,300,300,maçã braeburn,1,10,299,285
braeburn_20.jpg,300,300,maçã braeburn,1,9,300,288
braeburn_1600x1600_24.jpg,300,300,maçã braeburn,1,120,59,179
braeburn_1600x1600_129.jpg,300,300,maçã braeburn,1,117,56,183
braeburn_1600x1600_327.jpg,300,300,maçã braeburn,1,123,58,177
braeburn_343.jpg,300,300,maçã braeburn,1,1,289,292
braeburn_151.jpg,300,300,maçã braeburn,1,11,299,280
braeburn_1600x1600_220.jpg,300,300,maçã braeburn,1,122,58,180
braeburn_300.jpg,300,300,maçã braeburn,1,1,299,289
braeburn_61.jpg,300,300,maçã braeburn,1,14,300,277
braeburn_1600x1600_339.jpg,300,300,maçã braeburn,2,119,58,181
braeburn_47.jpg,300,300,maçã braeburn,1,10,299,286
braeburn_136.jpg,300,300,maçã braeburn,1,14,300,277
braeburn_1600x1600_89.jpg,300,300,maçã braeburn,1,124,58,179
braeburn_167.jpg,300,300,maçã braeburn,1,7,299,280
braeburn_14.jpg,300,300,maçã braeburn,1,14,300,292
braeburn_464.jpg,300,300,maçã braeburn,1,1,300,288
braeburn_1600x1600_292.jpg,300,300,maçã braeburn,5,119,55,178
braeburn_1600x1600_203.jpg,300,300,maçã braeburn,2,121,57,178
braeburn_50.jpg,300,300,maçã braeburn,1,13,300,287
braeburn_26.jpg,300,300,maçã braeburn,1,19,300,280
braeburn_327.jpg,300,300,maçã braeburn,1,2,298,291
braeburn_1600x1600_33.jpg,300,300,maçã braeburn,1,121,60,177
braeburn_3000x3000_47.jpg,300,300,maçã braeburn,133,271,167,297
braeburn_1600x1600_3.jpg,300,300,maçã braeburn,1,121,59,178
braeburn_89.jpg,300,300,maçã braeburn,1,17,299,270
braeburn_1600x1600_418.jpg,300,300,maçã braeburn,1,120,59,178
braeburn_422.jpg,300,300,maçã braeburn,1,1,298,293
braeburn_87.jpg,300,300,maçã braeburn,1,16,299,269
braeburn_472.jpg,300,300,maçã braeburn,1,1,300,297
braeburn_1600x1600_84.jpg,300,300,maçã braeburn,1,123,59,178
braeburn_3000x3000_35.jpg,300,300,maçã braeburn,135,269,166,300
braeburn_301.jpg,300,300,maçã braeburn,1,1,300,292
braeburn_1600x1600_219.jpg,300,300,maçã braeburn,1,121,58,180
braeburn_203.jpg,300,300,maçã braeburn,1,16,299,277
braeburn_317.jpg,300,300,maçã braeburn,1,1,300,291
braeburn_1600x1600_257.jpg,300,300,maçã braeburn,1,117,55,180
braeburn_3000x3000_61.jpg,300,300,maçã braeburn,135,270,166,298
braeburn_297.jpg,300,300,maçã braeburn,1,1,300,291
braeburn_1600x1600_473.jpg,300,300,maçã braeburn,1,123,58,176
braeburn_213.jpg,300,300,maçã braeburn,1,9,299,280
braeburn_1600x1600_25.jpg,300,300,maçã braeburn,1,120,61,176
braeburn_1600x1600_466.jpg,300,300,maçã braeburn,1,121,58,180
braeburn_1600x1600_9.jpg,300,300,maçã braeburn,1,119,60,180
braeburn_80.jpg,300,300,maçã braeburn,1,16,300,273
braeburn_400.jpg,300,300,maçã braeburn,7,1,287,296
braeburn_285.jpg,300,300,maçã braeburn,1,1,299,292
braeburn_1600x1600_286.jpg,300,300,maçã braeburn,3,120,58,180
braeburn_1600x1600_260.jpg,300,300,maçã braeburn,2,117,58,183
braeburn_239.jpg,300,300,maçã braeburn,1,13,299,284
braeburn_226.jpg,300,300,maçã braeburn,1,14,300,284
braeburn_1600x1600_147.jpg,300,300,maçã braeburn,2,120,58,182
braeburn_1600x1600_215.jpg,300,300,maçã braeburn,1,119,57,179
braeburn_1600x1600_429.jpg,300,300,maçã braeburn,1,124,57,176
braeburn_265.jpg,300,300,maçã braeburn,1,1,300,292
braeburn_1600x1600_404.jpg,300,300,maçã braeburn,1,124,58,175
braeburn_455.jpg,300,300,maçã braeburn,1,1,299,288
braeburn_21.jpg,300,300,maçã braeburn,1,8,299,288
braeburn_418.jpg,300,300,maçã braeburn,1,1,296,290
braeburn_218.jpg,300,300,maçã braeburn,1,13,300,281
braeburn_288.jpg,300,300,maçã braeburn,1,1,300,294
braeburn_1600x1600_333.jpg,300,300,maçã braeburn,2,121,56,177
braeburn_1600x1600_270.jpg,300,300,maçã braeburn,2,120,58,180
braeburn_1600x1600_419.jpg,300,300,maçã braeburn,1,120,56,174
braeburn_11.jpg,300,300,maçã braeburn,1,10,298,293
braeburn_1600x1600_123.jpg,300,300,maçã braeburn,1,119,58,181
braeburn_124.jpg,300,300,maçã braeburn,1,12,300,285
braeburn_387.jpg,300,300,maçã braeburn,7,1,292,294
braeburn_54.jpg,300,300,maçã braeburn,1,8,299,283
braeburn_232.jpg,300,300,maçã braeburn,1,13,300,284
braeburn_1600x1600_403.jpg,300,300,maçã braeburn,1,123,58,175
braeburn_1600x1600_451.jpg,300,300,maçã braeburn,1,122,57,177
braeburn_1600x1600_170.jpg,300,300,maçã braeburn,1,120,57,178
braeburn_1600x1600_49.jpg,300,300,maçã braeburn,1,124,60,175
braeburn_432.jpg,300,300,maçã braeburn,1,1,300,293
braeburn_437.jpg,300,300,maçã braeburn,1,1,298,293
braeburn_259.jpg,300,300,maçã braeburn,1,2,300,294
braeburn_12.jpg,300,300,maçã braeburn,1,11,300,295
braeburn_1600x1600_73.jpg,300,300,maçã braeburn,1,123,61,177
braeburn_1600x1600_99.jpg,300,300,maçã braeburn,1,119,58,177
braeburn_310.jpg,300,300,maçã braeburn,1,1,299,288
braeburn_306.jpg,300,300,maçã braeburn,1,1,299,292
braeburn_130.jpg,300,300,maçã braeburn,1,15,300,269
braeburn_412.jpg,300,300,maçã braeburn,2,1,299,292
braeburn_1600x1600_185.jpg,300,300,maçã braeburn,1,117,57,179
braeburn_345.jpg,300,300,maçã braeburn,2,1,289,291
braeburn_174.jpg,300,300,maçã braeburn,1,8,300,284
braeburn_401.jpg,300,300,maçã braeburn,6,1,292,294
braeburn_186.jpg,300,300,maçã braeburn,1,11,300,285
braeburn_287.jpg,300,300,maçã braeburn,1,1,299,290
braeburn_1600x1600_361.jpg,300,300,maçã braeburn,2,120,56,177
braeburn_324.jpg,300,300,maçã braeburn,1,1,299,290
braeburn_1600x1600_263.jpg,300,300,maçã braeburn,3,119,56,179
braeburn_258.jpg,300,300,maçã braeburn,1,1,299,292
braeburn_128.jpg,300,300,maçã braeburn,1,13,300,271
braeburn_1600x1600_449.jpg,300,300,maçã braeburn,1,123,59,177
braeburn_212.jpg,300,300,maçã braeburn,1,10,300,284
braeburn_1600x1600_290.jpg,300,300,maçã braeburn,1,123,56,180
braeburn_1600x1600_350.jpg,300,300,maçã braeburn,1,120,60,181
braeburn_1600x1600_410.jpg,300,300,maçã braeburn,1,123,58,174
braeburn_1600x1600_324.jpg,300,300,maçã braeburn,2,120,58,180
braeburn_1600x1600_446.jpg,300,300,maçã braeburn,1,123,58,177
braeburn_37.jpg,300,300,maçã braeburn,1,17,298,281
braeburn_1600x1600_105.jpg,300,300,maçã braeburn,1,123,58,180
braeburn_33.jpg,300,300,maçã braeburn,1,8,299,286
braeburn_8.jpg,300,300,maçã braeburn,1,13,300,286
braeburn_101.jpg,300,300,maçã braeburn,1,17,299,268
braeburn_237.jpg,300,300,maçã braeburn,1,13,299,281
braeburn_3000x3000_14.jpg,300,300,maçã braeburn,135,268,167,297
braeburn_3000x3000_70.jpg,300,300,maçã braeburn,133,269,164,297
braeburn_1600x1600_12.jpg,300,300,maçã braeburn,1,120,60,178
braeburn_1600x1600_98.jpg,300,300,maçã braeburn,1,119,57,178
braeburn_399.jpg,300,300,maçã braeburn,8,1,292,296
braeburn_1600x1600_237.jpg,300,300,maçã braeburn,2,119,55,182
braeburn_76.jpg,300,300,maçã braeburn,1,15,299,276
braeburn_1600x1600_192.jpg,300,300,maçã braeburn,1,120,56,177
braeburn_1600x1600_489.jpg,300,300,maçã braeburn,1,124,58,178
braeburn_1600x1600_379.jpg,300,300,maçã braeburn,1,124,58,176
braeburn_1600x1600_101.jpg,300,300,maçã braeburn,1,119,59,180
braeburn_1600x1600_414.jpg,300,300,maçã braeburn,1,124,59,178
braeburn_222.jpg,300,300,maçã braeburn,1,14,300,284
braeburn_1600x1600_196.jpg,300,300,maçã braeburn,1,121,56,181
braeburn_1600x1600_171.jpg,300,300,maçã braeburn,1,120,56,177
braeburn_3000x3000_53.jpg,300,300,maçã braeburn,132,270,166,298
braeburn_241.jpg,300,300,maçã braeburn,1,14,299,285
braeburn_491.jpg,300,300,maçã braeburn,1,1,299,293
braeburn_1600x1600_390.jpg,300,300,maçã braeburn,1,121,62,181
braeburn_28.jpg,300,300,maçã braeburn,1,13,300,289
braeburn_365.jpg,300,300,maçã braeburn,8,1,289,294
braeburn_1600x1600_156.jpg,300,300,maçã braeburn,1,117,58,178
braeburn_251.jpg,300,300,maçã braeburn,1,1,300,294
braeburn_111.jpg,300,300,maçã braeburn,1,17,299,269
braeburn_283.jpg,300,300,maçã braeburn,1,1,299,291
braeburn_1600x1600_277.jpg,300,300,maçã braeburn,3,121,56,178
braeburn_270.jpg,300,300,maçã braeburn,1,1,299,288
braeburn_1600x1600_308.jpg,300,300,maçã braeburn,1,119,56,180
braeburn_1600x1600_26.jpg,300,300,maçã braeburn,1,117,61,181
braeburn_1600x1600_482.jpg,300,300,maçã braeburn,1,123,58,176
braeburn_299.jpg,300,300,maçã braeburn,1,1,300,293
braeburn_430.jpg,300,300,maçã braeburn,1,1,300,291
braeburn_1600x1600_314.jpg,300,300,maçã braeburn,1,123,58,181
braeburn_18.jpg,300,300,maçã braeburn,1,10,300,292
braeburn_475.jpg,300,300,maçã braeburn,1,1,299,288
braeburn_3000x3000_3.jpg,300,300,maçã braeburn,134,270,165,299
braeburn_1600x1600_158.jpg,300,300,maçã braeburn,1,121,58,181
braeburn_1600x1600_250.jpg,300,300,maçã braeburn,3,118,55,184
braeburn_1600x1600_372.jpg,300,300,maçã braeburn,1,120,59,179
braeburn_1600x1600_232.jpg,300,300,maçã braeburn,3,122,57,177
braeburn_1600x1600_134.jpg,300,300,maçã braeburn,1,118,59,180
braeburn_1600x1600_60.jpg,300,300,maçã braeburn,1,124,57,177
braeburn_231.jpg,300,300,maçã braeburn,1,14,299,284
braeburn_294.jpg,300,300,maçã braeburn,3,1,299,290
braeburn_155.jpg,300,300,maçã braeburn,1,9,299,276
braeburn_1600x1600_477.jpg,300,300,maçã braeburn,1,123,58,178
braeburn_1600x1600_392.jpg,300,300,maçã braeburn,1,123,58,178
braeburn_1600x1600_169.jpg,300,300,maçã braeburn,2,119,57,178
braeburn_1600x1600_265.jpg,300,300,maçã braeburn,1,123,57,174
